{
	"credit": "Made with Blockbench",
	"texture_size": [32, 32],
	"textures": {
		"3": "item/black"
	},
	"elements": [
		{
			"from": [4, 2, 4],
			"to": [12, 4, 12],
			"faces": {
				"north": {"uv": [4, 10, 0, 11], "texture": "#3"},
				"east": {"uv": [0, 10, 4, 11], "texture": "#3"},
				"south": {"uv": [4, 10, 0, 11], "texture": "#3"},
				"west": {"uv": [0, 10, 4, 11], "texture": "#3"},
				"up": {"uv": [0, 6, 4, 10], "texture": "#3"},
				"down": {"uv": [0, 6, 4, 10], "texture": "#3"}
			}
		},
		{
			"from": [3, 0, 3],
			"to": [13, 2, 13],
			"faces": {
				"north": {"uv": [5, 5, 0, 6], "texture": "#3"},
				"east": {"uv": [0, 5, 5, 6], "texture": "#3"},
				"south": {"uv": [5, 5, 0, 6], "texture": "#3"},
				"west": {"uv": [0, 5, 5, 6], "texture": "#3"},
				"up": {"uv": [5, 5, 0, 0], "texture": "#3"},
				"down": {"uv": [5, 0, 0, 5], "texture": "#3"}
			}
		},
		{
			"from": [6, 6, 6],
			"to": [10, 11, 10],
			"faces": {
				"north": {"uv": [2, 11, 0, 13.5], "texture": "#3"},
				"east": {"uv": [0, 11, 2, 13.5], "texture": "#3"},
				"south": {"uv": [2, 11, 0, 13.5], "texture": "#3"},
				"west": {"uv": [0, 11, 2, 13.5], "texture": "#3"},
				"up": {"uv": [1, 7, 3, 9], "texture": "#3"},
				"down": {"uv": [1, 7, 3, 9], "texture": "#3"}
			}
		},
		{
			"from": [5, 1, 5],
			"to": [11, 7, 11],
			"faces": {
				"north": {"uv": [3, 13, 0, 16], "texture": "#3"},
				"east": {"uv": [0, 13, 3, 16], "texture": "#3"},
				"south": {"uv": [3, 13, 0, 16], "texture": "#3"},
				"west": {"uv": [0, 13, 3, 16], "texture": "#3"},
				"up": {"uv": [3, 13, 6, 16], "texture": "#3"},
				"down": {"uv": [0.5, 6.5, 3.5, 9.5], "texture": "#3"}
			}
		},
		{
			"from": [5.5, 11, 5.5],
			"to": [10.5, 15, 10.5],
			"faces": {
				"north": {"uv": [4, 11, 6.5, 13], "texture": "#3"},
				"east": {"uv": [6, 13, 8.5, 15], "texture": "#3"},
				"south": {"uv": [4, 9, 6.5, 11], "texture": "#3"},
				"west": {"uv": [6, 13, 8.5, 15], "texture": "#3"},
				"up": {"uv": [6.5, 10.5, 9, 13], "texture": "#3"},
				"down": {"uv": [1, 6.5, 3.5, 9], "texture": "#3"}
			}
		},
		{
			"from": [2, 10, 6.5],
			"to": [6, 14, 9.5],
			"faces": {
				"north": {"uv": [8.5, 13, 10.5, 15], "texture": "#3"},
				"east": {"uv": [9, 11, 10.5, 13], "texture": "#3"},
				"south": {"uv": [8.5, 13, 10.5, 15], "texture": "#3"},
				"west": {"uv": [9, 11, 10.5, 13], "texture": "#3"},
				"up": {"uv": [6.5, 9, 8.5, 10.5], "texture": "#3"},
				"down": {"uv": [6.5, 9, 8.5, 10.5], "texture": "#3"}
			}
		},
		{
			"from": [9.25, 15, 8.75],
			"to": [9.75, 17.5, 10.25],
			"faces": {
				"north": {"uv": [7, 11, 7.5, 12.5], "texture": "#3"},
				"east": {"uv": [7, 11, 8, 12.5], "texture": "#3"},
				"south": {"uv": [7, 11, 7.5, 12.5], "texture": "#3"},
				"west": {"uv": [7, 11, 8, 12.5], "texture": "#3"},
				"up": {"uv": [7, 11, 7.5, 12], "texture": "#3"},
				"down": {"uv": [7, 11, 7.5, 12], "texture": "#3"}
			}
		},
		{
			"from": [9.25, 15, 6],
			"to": [9.75, 17.5, 7.5],
			"faces": {
				"north": {"uv": [4.5, 11, 5, 12.5], "texture": "#3"},
				"east": {"uv": [4.5, 11, 5.5, 12.5], "texture": "#3"},
				"south": {"uv": [4.5, 11, 5, 12.5], "texture": "#3"},
				"west": {"uv": [4.5, 11, 5.5, 12.5], "texture": "#3"},
				"up": {"uv": [4.5, 11, 5, 12], "texture": "#3"},
				"down": {"uv": [4.5, 11, 5, 12], "texture": "#3"}
			}
		},
		{
			"from": [10, 6.5, 7],
			"to": [12, 15.5, 9],
			"faces": {
				"north": {"uv": [5, 9, 4, 13.5], "texture": "#3"},
				"east": {"uv": [4, 9, 5, 13.5], "texture": "#3"},
				"south": {"uv": [5, 9, 4, 13.5], "texture": "#3"},
				"west": {"uv": [4, 9, 5, 13.5], "texture": "#3"},
				"up": {"uv": [8, 11.5, 9, 10.5], "texture": "#3"},
				"down": {"uv": [4, 9, 5, 10], "texture": "#3"}
			}
		}
	],
	"display": {
		"thirdperson_righthand": {
			"translation": [-3, 0, 0],
			"scale": [0.8, 0.8, 0.8]
		},
		"thirdperson_lefthand": {
			"translation": [-3, 0, 0],
			"scale": [0.8, 0.8, 0.8]
		},
		"firstperson_righthand": {
			"scale": [0.8, 0.8, 0.8]
		},
		"firstperson_lefthand": {
			"translation": [5, 0, 0],
			"scale": [0.8, 0.8, 0.8]
		},
		"gui": {
			"rotation": [30, 150, 0],
			"translation": [0, 1, 0]
		},
		"head": {
			"translation": [0, 14, 0]
		},
		"fixed": {
			"rotation": [-90, 0, 0],
			"translation": [0, 0, -16],
			"scale": [2, 2, 2]
		}
	},
	"groups": [
		{
			"name": "group",
			"origin": [0, 0, 0],
			"color": 0,
			"nbt": "{}",
			"children": [0, 1]
		},
		2,
		3,
		4,
		5,
		6,
		7,
		8
	]
}