{
	"credit": "Made with Blockbench",
	"texture_size": [32, 32],
	"textures": {
		"particle": "item/black"
	},
	"elements": [
		{
			"from": [4, 2, 4],
			"to": [12, 4, 12],
			"faces": {
				"north": {"uv": [4, 10, 0, 11], "texture": "#particle"},
				"east": {"uv": [0, 10, 4, 11], "texture": "#particle"},
				"south": {"uv": [4, 10, 0, 11], "texture": "#particle"},
				"west": {"uv": [0, 10, 4, 11], "texture": "#particle"},
				"up": {"uv": [0, 6, 4, 10], "texture": "#particle"},
				"down": {"uv": [0, 6, 4, 10], "texture": "#particle"}
			}
		},
		{
			"from": [3, 0, 3],
			"to": [13, 2, 13],
			"faces": {
				"north": {"uv": [5, 5, 0, 6], "texture": "#particle"},
				"east": {"uv": [0, 5, 5, 6], "texture": "#particle"},
				"south": {"uv": [5, 5, 0, 6], "texture": "#particle"},
				"west": {"uv": [0, 5, 5, 6], "texture": "#particle"},
				"up": {"uv": [5, 5, 0, 0], "texture": "#particle"},
				"down": {"uv": [5, 0, 0, 5], "texture": "#particle"}
			}
		},
		{
			"from": [5, 7, 5.5],
			"to": [11, 18, 10.5],
			"faces": {
				"north": {"uv": [11, 1, 14, 6.5], "texture": "#particle"},
				"east": {"uv": [10.5, 10.5, 13, 16], "texture": "#particle"},
				"south": {"uv": [13, 10.5, 16, 16], "texture": "#particle"},
				"west": {"uv": [10.5, 10.5, 13, 16], "texture": "#particle"},
				"up": {"uv": [13, 8, 16, 10.5], "texture": "#particle"},
				"down": {"uv": [3.5, 6.5, 6.5, 9], "texture": "#particle"}
			}
		},
		{
			"from": [6.5, 13.5, 3.3],
			"to": [9.5, 15.5, 7.3],
			"faces": {
				"north": {"uv": [14, 6, 15.5, 7], "texture": "#particle"},
				"east": {"uv": [16, 7, 14, 8], "texture": "#particle"},
				"south": {"uv": [14, 6, 15.5, 7], "texture": "#particle"},
				"west": {"uv": [14, 7, 16, 8], "texture": "#particle"},
				"up": {"uv": [15.5, 7, 16, 5.5], "texture": "#particle"},
				"down": {"uv": [14, 6, 15.5, 8], "texture": "#particle"}
			}
		},
		{
			"from": [5, 18, 7.5],
			"to": [7, 20, 8.5],
			"faces": {
				"north": {"uv": [6.5, 7, 7.5, 8], "texture": "#particle"},
				"east": {"uv": [6.5, 7, 7, 8], "texture": "#particle"},
				"south": {"uv": [6.5, 7, 7.5, 8], "texture": "#particle"},
				"west": {"uv": [6.5, 7, 7, 8], "texture": "#particle"},
				"up": {"uv": [6.5, 7, 7.5, 7.5], "texture": "#particle"},
				"down": {"uv": [6.5, 7, 7.5, 7.5], "texture": "#particle"}
			}
		},
		{
			"from": [9, 18, 7.5],
			"to": [11, 20, 8.5],
			"faces": {
				"north": {"uv": [6.5, 7, 7.5, 8], "texture": "#particle"},
				"east": {"uv": [6.5, 7, 7, 8], "texture": "#particle"},
				"south": {"uv": [6.5, 7, 7.5, 8], "texture": "#particle"},
				"west": {"uv": [6.5, 7, 7, 8], "texture": "#particle"},
				"up": {"uv": [6.5, 7, 7.5, 7.5], "texture": "#particle"},
				"down": {"uv": [6.5, 7, 7.5, 7.5], "texture": "#particle"}
			}
		},
		{
			"from": [5.75, 2.75, 5.75],
			"to": [10.25, 8.25, 10.25],
			"faces": {
				"north": {"uv": [2, 11, 0, 13.5], "texture": "#particle"},
				"east": {"uv": [0, 11, 2, 13.5], "texture": "#particle"},
				"south": {"uv": [2, 11, 0, 13.5], "texture": "#particle"},
				"west": {"uv": [0, 11, 2, 13.5], "texture": "#particle"},
				"up": {"uv": [1, 7, 3, 9], "texture": "#particle"},
				"down": {"uv": [1, 7, 3, 9], "texture": "#particle"}
			}
		}
	],
	"display": {
		"thirdperson_righthand": {
			"translation": [-3, 0, 0],
			"scale": [0.8, 0.8, 0.8]
		},
		"thirdperson_lefthand": {
			"translation": [-3, 0, 0],
			"scale": [0.8, 0.8, 0.8]
		},
		"firstperson_righthand": {
			"scale": [0.8, 0.8, 0.8]
		},
		"firstperson_lefthand": {
			"translation": [5, 0, 0],
			"scale": [0.8, 0.8, 0.8]
		},
		"gui": {
			"rotation": [30, 150, 0],
			"translation": [0.25, 1, 0]
		},
		"head": {
			"translation": [0, 14, 0]
		},
		"fixed": {
			"rotation": [-90, 0, 0],
			"translation": [0, 0, -16],
			"scale": [2, 2, 2]
		}
	},
	"groups": [
		{
			"name": "group",
			"origin": [0, 0, 0],
			"color": 0,
			"nbt": "{}",
			"children": [0, 1]
		},
		2,
		3,
		4,
		5,
		6
	]
}