{
	"credit": "Made with Blockbench",
	"texture_size": [32, 32],
	"textures": {
		"3": "item/white"
	},
	"elements": [
		{
			"from": [4, 2, 4],
			"to": [12, 4, 12],
			"faces": {
				"north": {"uv": [4, 10, 0, 11], "texture": "#3"},
				"east": {"uv": [0, 10, 4, 11], "texture": "#3"},
				"south": {"uv": [4, 10, 0, 11], "texture": "#3"},
				"west": {"uv": [0, 10, 4, 11], "texture": "#3"},
				"up": {"uv": [0, 6, 4, 10], "texture": "#3"},
				"down": {"uv": [0, 6, 4, 10], "texture": "#3"}
			}
		},
		{
			"from": [3, 0, 3],
			"to": [13, 2, 13],
			"faces": {
				"north": {"uv": [5, 5, 0, 6], "texture": "#3"},
				"east": {"uv": [0, 5, 5, 6], "texture": "#3"},
				"south": {"uv": [5, 5, 0, 6], "texture": "#3"},
				"west": {"uv": [0, 5, 5, 6], "texture": "#3"},
				"up": {"uv": [5, 5, 0, 0], "texture": "#3"},
				"down": {"uv": [5, 0, 0, 5], "texture": "#3"}
			}
		},
		{
			"from": [6, 9, 6],
			"to": [10, 14, 10],
			"faces": {
				"north": {"uv": [2, 11, 0, 13.5], "texture": "#3"},
				"east": {"uv": [0, 11, 2, 13.5], "texture": "#3"},
				"south": {"uv": [2, 11, 0, 13.5], "texture": "#3"},
				"west": {"uv": [0, 11, 2, 13.5], "texture": "#3"},
				"up": {"uv": [1, 7, 3, 9], "texture": "#3"},
				"down": {"uv": [1, 7, 3, 9], "texture": "#3"}
			}
		},
		{
			"from": [5, 3, 5],
			"to": [11, 9, 11],
			"faces": {
				"north": {"uv": [3, 13, 0, 16], "texture": "#3"},
				"east": {"uv": [0, 13, 3, 16], "texture": "#3"},
				"south": {"uv": [3, 13, 0, 16], "texture": "#3"},
				"west": {"uv": [0, 13, 3, 16], "texture": "#3"},
				"up": {"uv": [3, 13, 6, 16], "texture": "#3"},
				"down": {"uv": [0.5, 6.5, 3.5, 9.5], "texture": "#3"}
			}
		},
		{
			"from": [5, 14, 5],
			"to": [11, 20, 11],
			"faces": {
				"north": {"uv": [3, 13, 0, 16], "texture": "#3"},
				"east": {"uv": [0, 13, 3, 16], "texture": "#3"},
				"south": {"uv": [3, 13, 0, 16], "texture": "#3"},
				"west": {"uv": [0, 13, 3, 16], "texture": "#3"},
				"up": {"uv": [3, 13, 6, 16], "texture": "#3"},
				"down": {"uv": [0.5, 6.5, 3.5, 9.5], "texture": "#3"}
			}
		},
		{
			"from": [4.75, 15.75, 4.75],
			"to": [11.25, 18.25, 11.25],
			"faces": {
				"north": {"uv": [9.5, 15, 6, 16], "texture": "#3"},
				"east": {"uv": [6, 15, 9.5, 16], "texture": "#3"},
				"south": {"uv": [9.5, 15, 6, 16], "texture": "#3"},
				"west": {"uv": [6, 15, 9.5, 16], "texture": "#3"},
				"up": {"uv": [2, 11, 4, 13], "texture": "#3"},
				"down": {"uv": [2, 11, 4, 13], "texture": "#3"}
			}
		},
		{
			"from": [6, 19, 6],
			"to": [10, 21, 10],
			"faces": {
				"north": {"uv": [2, 11.5, 0, 12.5], "texture": "#3"},
				"east": {"uv": [0, 11.5, 2, 12.5], "texture": "#3"},
				"south": {"uv": [2, 11.5, 0, 12.5], "texture": "#3"},
				"west": {"uv": [0, 11.5, 2, 12.5], "texture": "#3"},
				"up": {"uv": [3.5, 13.5, 5.5, 15.5], "texture": "#3"},
				"down": {"uv": [3.5, 13.5, 5.5, 15.5], "texture": "#3"}
			}
		},
		{
			"from": [8, 20.5, 6],
			"to": [8, 25.5, 10],
			"faces": {
				"north": {"uv": [0, 0, 0, 2.5], "texture": "#3"},
				"east": {"uv": [9, 4, 11, 6.5], "texture": "#3"},
				"south": {"uv": [0, 0, 0, 2.5], "texture": "#3"},
				"west": {"uv": [9, 4, 11, 6.5], "texture": "#3"},
				"up": {"uv": [0, 0, 0, 2], "texture": "#3"},
				"down": {"uv": [0, 0, 0, 2], "texture": "#3"}
			}
		},
		{
			"from": [6, 20.5, 8],
			"to": [10, 25.5, 8],
			"faces": {
				"north": {"uv": [9, 4, 11, 6.5], "texture": "#3"},
				"east": {"uv": [0, 0, 0, 2.5], "texture": "#3"},
				"south": {"uv": [9, 4, 11, 6.5], "texture": "#3"},
				"west": {"uv": [0, 0, 0, 2.5], "texture": "#3"},
				"up": {"uv": [0, 0, 0, 2], "rotation": 270, "texture": "#3"},
				"down": {"uv": [0, 0, 0, 2], "rotation": 90, "texture": "#3"}
			}
		}
	],
	"display": {
		"thirdperson_righthand": {
			"translation": [-3, 0, 0],
			"scale": [0.8, 0.8, 0.8]
		},
		"thirdperson_lefthand": {
			"translation": [-3, 0, 0],
			"scale": [0.8, 0.8, 0.8]
		},
		"firstperson_righthand": {
			"scale": [0.8, 0.8, 0.8]
		},
		"firstperson_lefthand": {
			"translation": [5, 0, 0],
			"scale": [0.8, 0.8, 0.8]
		},
		"gui": {
			"rotation": [30, -30, 0],
			"translation": [0, 1, 0]
		},
		"head": {
			"translation": [0, 14, 0]
		},
		"fixed": {
			"rotation": [-90, 0, 0],
			"translation": [0, 0, -16],
			"scale": [2, 2, 2]
		}
	},
	"groups": [
		{
			"name": "group",
			"origin": [0, 0, 0],
			"color": 0,
			"nbt": "{}",
			"children": [0, 1]
		},
		2,
		3,
		4,
		5,
		6,
		7,
		8
	]
}