{
	"credit": "Made with Blockbench",
	"texture_size": [32, 32],
	"textures": {
		"3": "item/black"
	},
	"elements": [
		{
			"from": [4, 2, 4],
			"to": [12, 4, 12],
			"faces": {
				"north": {"uv": [4, 10, 0, 11], "texture": "#3"},
				"east": {"uv": [0, 10, 4, 11], "texture": "#3"},
				"south": {"uv": [4, 10, 0, 11], "texture": "#3"},
				"west": {"uv": [0, 10, 4, 11], "texture": "#3"},
				"up": {"uv": [0, 6, 4, 10], "texture": "#3"},
				"down": {"uv": [0, 6, 4, 10], "texture": "#3"}
			}
		},
		{
			"from": [4.1, 10.1, 4.1],
			"to": [11.9, 11.9, 11.9],
			"faces": {
				"north": {"uv": [4, 10, 0, 11], "texture": "#3"},
				"east": {"uv": [0, 10, 4, 11], "texture": "#3"},
				"south": {"uv": [4, 10, 0, 11], "texture": "#3"},
				"west": {"uv": [0, 10, 4, 11], "texture": "#3"},
				"up": {"uv": [0, 6, 4, 10], "texture": "#3"},
				"down": {"uv": [4, 6, 0, 10], "texture": "#3"}
			}
		},
		{
			"from": [3, 0, 3],
			"to": [13, 2, 13],
			"faces": {
				"north": {"uv": [5, 5, 0, 6], "texture": "#3"},
				"east": {"uv": [0, 5, 5, 6], "texture": "#3"},
				"south": {"uv": [5, 5, 0, 6], "texture": "#3"},
				"west": {"uv": [0, 5, 5, 6], "texture": "#3"},
				"up": {"uv": [5, 5, 0, 0], "texture": "#3"},
				"down": {"uv": [5, 0, 0, 5], "texture": "#3"}
			}
		},
		{
			"from": [5, 4, 5],
			"to": [11, 10, 11],
			"faces": {
				"north": {"uv": [3, 13, 0, 16], "texture": "#3"},
				"east": {"uv": [0, 13, 3, 16], "texture": "#3"},
				"south": {"uv": [3, 13, 0, 16], "texture": "#3"},
				"west": {"uv": [0, 13, 3, 16], "texture": "#3"},
				"up": {"uv": [3, 13, 6, 16], "texture": "#3"},
				"down": {"uv": [0.5, 6.5, 3.5, 9.5], "texture": "#3"}
			}
		},
		{
			"from": [4.5, 12, 4.5],
			"to": [11.5, 14, 11.5],
			"faces": {
				"north": {"uv": [9.5, 15, 6, 16], "texture": "#3"},
				"east": {"uv": [6, 15, 9.5, 16], "texture": "#3"},
				"south": {"uv": [9.5, 15, 6, 16], "texture": "#3"},
				"west": {"uv": [6, 15, 9.5, 16], "texture": "#3"},
				"up": {"uv": [2, 11, 4, 13], "texture": "#3"},
				"down": {"uv": [2, 11, 4, 13], "texture": "#3"}
			}
		},
		{
			"from": [4.51, 12.01, 11.51],
			"to": [11.49, 13.99, 4.49],
			"faces": {
				"north": {"uv": [9.5, 15, 6, 16], "texture": "#3"},
				"east": {"uv": [6, 15, 9.5, 16], "texture": "#3"},
				"south": {"uv": [9.5, 15, 6, 16], "texture": "#3"},
				"west": {"uv": [6, 15, 9.5, 16], "texture": "#3"},
				"up": {"uv": [2, 11, 4, 13], "texture": "#3"},
				"down": {"uv": [2, 11, 4, 13], "texture": "#3"}
			}
		}
	],
	"display": {
		"thirdperson_righthand": {
			"translation": [-3, 0, 0],
			"scale": [0.8, 0.8, 0.8]
		},
		"thirdperson_lefthand": {
			"translation": [-3, 0, 0],
			"scale": [0.8, 0.8, 0.8]
		},
		"firstperson_righthand": {
			"scale": [0.8, 0.8, 0.8]
		},
		"firstperson_lefthand": {
			"translation": [5, 0, 0],
			"scale": [0.8, 0.8, 0.8]
		},
		"gui": {
			"rotation": [30, -30, 0],
			"translation": [0, 1, 0]
		},
		"head": {
			"translation": [0, 14, 0]
		},
		"fixed": {
			"rotation": [-90, 0, 0],
			"translation": [0, 0, -16],
			"scale": [2, 2, 2]
		}
	},
	"groups": [
		{
			"name": "group",
			"origin": [0, 0, 0],
			"color": 0,
			"nbt": "{}",
			"children": [0, 1, 2]
		},
		3,
		4,
		5
	]
}